county,number_of_hospitals
ALLEGANY ,2
ANNE_ARUNDEL,2
BALTIMORE_CITY,15
BALTIMORE_COUNTY,6
CALVERT,1
CARROLL,2
CECIL,1
CHARLES,1
DORCHESTER,3
FREDERICK,1
GARRETT,1
HARFORD,2
HOWARD,2
KENT,1
MONTGOMERY,8
PRINCE_GEORGES,6
SAINT_MARYS,1
SOMERSET,1
TALBOT,1
WASHINGTON,3
WICOMICO,3
WORCESTER,1
